[
{
  "model": "admin.logentry",
  "pk": 1,
  "fields": {
    "action_time": "2023-03-18T09:53:14.177Z",
    "user": 1,
    "content_type": 7,
    "object_id": "1",
    "object_repr": "Post 1",
    "action_flag": 1,
    "change_message": "[{\"added\": {}}]"
  }
},
{
  "model": "admin.logentry",
  "pk": 2,
  "fields": {
    "action_time": "2023-03-18T09:53:28.518Z",
    "user": 1,
    "content_type": 7,
    "object_id": "2",
    "object_repr": "Post 2",
    "action_flag": 1,
    "change_message": "[{\"added\": {}}]"
  }
},
{
  "model": "admin.logentry",
  "pk": 3,
  "fields": {
    "action_time": "2023-03-18T11:03:23.439Z",
    "user": 1,
    "content_type": 7,
    "object_id": "3",
    "object_repr": "Post 3",
    "action_flag": 1,
    "change_message": "[{\"added\": {}}]"
  }
},
{
  "model": "admin.logentry",
  "pk": 4,
  "fields": {
    "action_time": "2023-03-19T07:59:47.159Z",
    "user": 1,
    "content_type": 7,
    "object_id": "1",
    "object_repr": "Post 1",
    "action_flag": 2,
    "change_message": "[{\"changed\": {\"fields\": [\"Status\"]}}]"
  }
},
{
  "model": "admin.logentry",
  "pk": 5,
  "fields": {
    "action_time": "2023-03-19T08:00:00.089Z",
    "user": 1,
    "content_type": 7,
    "object_id": "1",
    "object_repr": "Post 1",
    "action_flag": 2,
    "change_message": "[{\"changed\": {\"fields\": [\"Status\"]}}]"
  }
},
{
  "model": "admin.logentry",
  "pk": 6,
  "fields": {
    "action_time": "2023-03-19T08:06:12.784Z",
    "user": 1,
    "content_type": 7,
    "object_id": "1",
    "object_repr": "Post 1",
    "action_flag": 2,
    "change_message": "[{\"changed\": {\"fields\": [\"Status\"]}}]"
  }
},
{
  "model": "admin.logentry",
  "pk": 7,
  "fields": {
    "action_time": "2023-03-19T14:08:10.081Z",
    "user": 1,
    "content_type": 8,
    "object_id": "1",
    "object_repr": "Comment by Stasyan on Post 1",
    "action_flag": 1,
    "change_message": "[{\"added\": {}}]"
  }
},
{
  "model": "admin.logentry",
  "pk": 8,
  "fields": {
    "action_time": "2023-03-19T14:43:45.375Z",
    "user": 1,
    "content_type": 8,
    "object_id": "2",
    "object_repr": "Comment by Stasyan on Post 1",
    "action_flag": 1,
    "change_message": "[{\"added\": {}}]"
  }
},
{
  "model": "admin.logentry",
  "pk": 9,
  "fields": {
    "action_time": "2023-03-19T15:13:35.936Z",
    "user": 1,
    "content_type": 8,
    "object_id": "3",
    "object_repr": "Comment by Stasyan on Post 1",
    "action_flag": 3,
    "change_message": ""
  }
},
{
  "model": "admin.logentry",
  "pk": 10,
  "fields": {
    "action_time": "2023-03-19T15:13:35.945Z",
    "user": 1,
    "content_type": 8,
    "object_id": "4",
    "object_repr": "Comment by Stasyan on Post 1",
    "action_flag": 3,
    "change_message": ""
  }
},
{
  "model": "admin.logentry",
  "pk": 11,
  "fields": {
    "action_time": "2023-03-20T07:47:54.852Z",
    "user": 1,
    "content_type": 9,
    "object_id": "1",
    "object_repr": "django",
    "action_flag": 2,
    "change_message": "[{\"added\": {\"name\": \"tagged item\", \"object\": \"Post 2 tagged with django\"}}]"
  }
},
{
  "model": "admin.logentry",
  "pk": 12,
  "fields": {
    "action_time": "2023-03-20T07:50:24.632Z",
    "user": 1,
    "content_type": 9,
    "object_id": "3",
    "object_repr": "tag1",
    "action_flag": 1,
    "change_message": "[{\"added\": {}}, {\"added\": {\"name\": \"tagged item\", \"object\": \"Post 2 tagged with tag1\"}}]"
  }
},
{
  "model": "admin.logentry",
  "pk": 13,
  "fields": {
    "action_time": "2023-03-20T07:50:45.301Z",
    "user": 1,
    "content_type": 9,
    "object_id": "2",
    "object_repr": "music",
    "action_flag": 2,
    "change_message": "[{\"added\": {\"name\": \"tagged item\", \"object\": \"Post 2 tagged with music\"}}]"
  }
},
{
  "model": "admin.logentry",
  "pk": 14,
  "fields": {
    "action_time": "2023-03-20T10:16:08.266Z",
    "user": 1,
    "content_type": 9,
    "object_id": "1",
    "object_repr": "django",
    "action_flag": 3,
    "change_message": ""
  }
},
{
  "model": "admin.logentry",
  "pk": 15,
  "fields": {
    "action_time": "2023-03-20T10:16:08.277Z",
    "user": 1,
    "content_type": 9,
    "object_id": "2",
    "object_repr": "music",
    "action_flag": 3,
    "change_message": ""
  }
},
{
  "model": "admin.logentry",
  "pk": 16,
  "fields": {
    "action_time": "2023-03-20T10:16:08.286Z",
    "user": 1,
    "content_type": 9,
    "object_id": "3",
    "object_repr": "tag1",
    "action_flag": 3,
    "change_message": ""
  }
},
{
  "model": "admin.logentry",
  "pk": 17,
  "fields": {
    "action_time": "2023-03-20T10:16:44.423Z",
    "user": 1,
    "content_type": 7,
    "object_id": "1",
    "object_repr": "Django",
    "action_flag": 2,
    "change_message": "[{\"changed\": {\"fields\": [\"Title\", \"Slug\", \"Tags\"]}}]"
  }
},
{
  "model": "admin.logentry",
  "pk": 18,
  "fields": {
    "action_time": "2023-03-20T10:17:06.104Z",
    "user": 1,
    "content_type": 7,
    "object_id": "1",
    "object_repr": "Django",
    "action_flag": 2,
    "change_message": "[{\"changed\": {\"fields\": [\"Tags\"]}}]"
  }
},
{
  "model": "admin.logentry",
  "pk": 19,
  "fields": {
    "action_time": "2023-03-20T10:17:42.532Z",
    "user": 1,
    "content_type": 7,
    "object_id": "2",
    "object_repr": "Flask",
    "action_flag": 2,
    "change_message": "[{\"changed\": {\"fields\": [\"Title\", \"Slug\", \"Tags\"]}}]"
  }
},
{
  "model": "admin.logentry",
  "pk": 20,
  "fields": {
    "action_time": "2023-03-20T10:18:21.280Z",
    "user": 1,
    "content_type": 7,
    "object_id": "3",
    "object_repr": "NumPy",
    "action_flag": 2,
    "change_message": "[{\"changed\": {\"fields\": [\"Title\", \"Slug\", \"Tags\"]}}]"
  }
},
{
  "model": "admin.logentry",
  "pk": 21,
  "fields": {
    "action_time": "2023-03-20T10:19:19.679Z",
    "user": 1,
    "content_type": 7,
    "object_id": "4",
    "object_repr": "Python",
    "action_flag": 1,
    "change_message": "[{\"added\": {}}]"
  }
},
{
  "model": "admin.logentry",
  "pk": 22,
  "fields": {
    "action_time": "2023-03-20T10:20:14.775Z",
    "user": 1,
    "content_type": 7,
    "object_id": "5",
    "object_repr": "WebDevepopment",
    "action_flag": 1,
    "change_message": "[{\"added\": {}}]"
  }
},
{
  "model": "admin.logentry",
  "pk": 23,
  "fields": {
    "action_time": "2023-03-20T10:33:06.054Z",
    "user": 1,
    "content_type": 7,
    "object_id": "3",
    "object_repr": "NumPy",
    "action_flag": 2,
    "change_message": "[{\"changed\": {\"fields\": [\"Tags\"]}}]"
  }
},
{
  "model": "admin.logentry",
  "pk": 24,
  "fields": {
    "action_time": "2023-03-20T10:33:41.066Z",
    "user": 1,
    "content_type": 7,
    "object_id": "6",
    "object_repr": "Excel",
    "action_flag": 1,
    "change_message": "[{\"added\": {}}]"
  }
},
{
  "model": "admin.logentry",
  "pk": 25,
  "fields": {
    "action_time": "2023-03-20T16:00:34.526Z",
    "user": 1,
    "content_type": 7,
    "object_id": "7",
    "object_repr": "Mark Down",
    "action_flag": 1,
    "change_message": "[{\"added\": {}}]"
  }
},
{
  "model": "admin.logentry",
  "pk": 26,
  "fields": {
    "action_time": "2023-03-21T08:52:18.487Z",
    "user": 1,
    "content_type": 11,
    "object_id": "1",
    "object_repr": "localhost:8000",
    "action_flag": 2,
    "change_message": "[{\"changed\": {\"fields\": [\"Domain name\", \"Display name\"]}}]"
  }
},
{
  "model": "auth.permission",
  "pk": 1,
  "fields": {
    "name": "Can add log entry",
    "content_type": 1,
    "codename": "add_logentry"
  }
},
{
  "model": "auth.permission",
  "pk": 2,
  "fields": {
    "name": "Can change log entry",
    "content_type": 1,
    "codename": "change_logentry"
  }
},
{
  "model": "auth.permission",
  "pk": 3,
  "fields": {
    "name": "Can delete log entry",
    "content_type": 1,
    "codename": "delete_logentry"
  }
},
{
  "model": "auth.permission",
  "pk": 4,
  "fields": {
    "name": "Can view log entry",
    "content_type": 1,
    "codename": "view_logentry"
  }
},
{
  "model": "auth.permission",
  "pk": 5,
  "fields": {
    "name": "Can add permission",
    "content_type": 2,
    "codename": "add_permission"
  }
},
{
  "model": "auth.permission",
  "pk": 6,
  "fields": {
    "name": "Can change permission",
    "content_type": 2,
    "codename": "change_permission"
  }
},
{
  "model": "auth.permission",
  "pk": 7,
  "fields": {
    "name": "Can delete permission",
    "content_type": 2,
    "codename": "delete_permission"
  }
},
{
  "model": "auth.permission",
  "pk": 8,
  "fields": {
    "name": "Can view permission",
    "content_type": 2,
    "codename": "view_permission"
  }
},
{
  "model": "auth.permission",
  "pk": 9,
  "fields": {
    "name": "Can add group",
    "content_type": 3,
    "codename": "add_group"
  }
},
{
  "model": "auth.permission",
  "pk": 10,
  "fields": {
    "name": "Can change group",
    "content_type": 3,
    "codename": "change_group"
  }
},
{
  "model": "auth.permission",
  "pk": 11,
  "fields": {
    "name": "Can delete group",
    "content_type": 3,
    "codename": "delete_group"
  }
},
{
  "model": "auth.permission",
  "pk": 12,
  "fields": {
    "name": "Can view group",
    "content_type": 3,
    "codename": "view_group"
  }
},
{
  "model": "auth.permission",
  "pk": 13,
  "fields": {
    "name": "Can add user",
    "content_type": 4,
    "codename": "add_user"
  }
},
{
  "model": "auth.permission",
  "pk": 14,
  "fields": {
    "name": "Can change user",
    "content_type": 4,
    "codename": "change_user"
  }
},
{
  "model": "auth.permission",
  "pk": 15,
  "fields": {
    "name": "Can delete user",
    "content_type": 4,
    "codename": "delete_user"
  }
},
{
  "model": "auth.permission",
  "pk": 16,
  "fields": {
    "name": "Can view user",
    "content_type": 4,
    "codename": "view_user"
  }
},
{
  "model": "auth.permission",
  "pk": 17,
  "fields": {
    "name": "Can add content type",
    "content_type": 5,
    "codename": "add_contenttype"
  }
},
{
  "model": "auth.permission",
  "pk": 18,
  "fields": {
    "name": "Can change content type",
    "content_type": 5,
    "codename": "change_contenttype"
  }
},
{
  "model": "auth.permission",
  "pk": 19,
  "fields": {
    "name": "Can delete content type",
    "content_type": 5,
    "codename": "delete_contenttype"
  }
},
{
  "model": "auth.permission",
  "pk": 20,
  "fields": {
    "name": "Can view content type",
    "content_type": 5,
    "codename": "view_contenttype"
  }
},
{
  "model": "auth.permission",
  "pk": 21,
  "fields": {
    "name": "Can add session",
    "content_type": 6,
    "codename": "add_session"
  }
},
{
  "model": "auth.permission",
  "pk": 22,
  "fields": {
    "name": "Can change session",
    "content_type": 6,
    "codename": "change_session"
  }
},
{
  "model": "auth.permission",
  "pk": 23,
  "fields": {
    "name": "Can delete session",
    "content_type": 6,
    "codename": "delete_session"
  }
},
{
  "model": "auth.permission",
  "pk": 24,
  "fields": {
    "name": "Can view session",
    "content_type": 6,
    "codename": "view_session"
  }
},
{
  "model": "auth.permission",
  "pk": 25,
  "fields": {
    "name": "Can add post",
    "content_type": 7,
    "codename": "add_post"
  }
},
{
  "model": "auth.permission",
  "pk": 26,
  "fields": {
    "name": "Can change post",
    "content_type": 7,
    "codename": "change_post"
  }
},
{
  "model": "auth.permission",
  "pk": 27,
  "fields": {
    "name": "Can delete post",
    "content_type": 7,
    "codename": "delete_post"
  }
},
{
  "model": "auth.permission",
  "pk": 28,
  "fields": {
    "name": "Can view post",
    "content_type": 7,
    "codename": "view_post"
  }
},
{
  "model": "auth.permission",
  "pk": 29,
  "fields": {
    "name": "Can add comment",
    "content_type": 8,
    "codename": "add_comment"
  }
},
{
  "model": "auth.permission",
  "pk": 30,
  "fields": {
    "name": "Can change comment",
    "content_type": 8,
    "codename": "change_comment"
  }
},
{
  "model": "auth.permission",
  "pk": 31,
  "fields": {
    "name": "Can delete comment",
    "content_type": 8,
    "codename": "delete_comment"
  }
},
{
  "model": "auth.permission",
  "pk": 32,
  "fields": {
    "name": "Can view comment",
    "content_type": 8,
    "codename": "view_comment"
  }
},
{
  "model": "auth.permission",
  "pk": 33,
  "fields": {
    "name": "Can add tag",
    "content_type": 9,
    "codename": "add_tag"
  }
},
{
  "model": "auth.permission",
  "pk": 34,
  "fields": {
    "name": "Can change tag",
    "content_type": 9,
    "codename": "change_tag"
  }
},
{
  "model": "auth.permission",
  "pk": 35,
  "fields": {
    "name": "Can delete tag",
    "content_type": 9,
    "codename": "delete_tag"
  }
},
{
  "model": "auth.permission",
  "pk": 36,
  "fields": {
    "name": "Can view tag",
    "content_type": 9,
    "codename": "view_tag"
  }
},
{
  "model": "auth.permission",
  "pk": 37,
  "fields": {
    "name": "Can add tagged item",
    "content_type": 10,
    "codename": "add_taggeditem"
  }
},
{
  "model": "auth.permission",
  "pk": 38,
  "fields": {
    "name": "Can change tagged item",
    "content_type": 10,
    "codename": "change_taggeditem"
  }
},
{
  "model": "auth.permission",
  "pk": 39,
  "fields": {
    "name": "Can delete tagged item",
    "content_type": 10,
    "codename": "delete_taggeditem"
  }
},
{
  "model": "auth.permission",
  "pk": 40,
  "fields": {
    "name": "Can view tagged item",
    "content_type": 10,
    "codename": "view_taggeditem"
  }
},
{
  "model": "auth.permission",
  "pk": 41,
  "fields": {
    "name": "Can add site",
    "content_type": 11,
    "codename": "add_site"
  }
},
{
  "model": "auth.permission",
  "pk": 42,
  "fields": {
    "name": "Can change site",
    "content_type": 11,
    "codename": "change_site"
  }
},
{
  "model": "auth.permission",
  "pk": 43,
  "fields": {
    "name": "Can delete site",
    "content_type": 11,
    "codename": "delete_site"
  }
},
{
  "model": "auth.permission",
  "pk": 44,
  "fields": {
    "name": "Can view site",
    "content_type": 11,
    "codename": "view_site"
  }
},
{
  "model": "auth.user",
  "pk": 1,
  "fields": {
    "password": "pbkdf2_sha256$390000$B7hqUZVYuVKDVqqVwrUUuY$Dr9uf+06uQxxDveBE9OiRjVYaUZFtXCRX+QH2xIkRJU=",
    "last_login": "2023-03-21T08:47:56.540Z",
    "is_superuser": true,
    "username": "admin",
    "first_name": "",
    "last_name": "",
    "email": "admin@admin.com",
    "is_staff": true,
    "is_active": true,
    "date_joined": "2023-03-18T09:52:10.174Z",
    "groups": [],
    "user_permissions": []
  }
},
{
  "model": "contenttypes.contenttype",
  "pk": 1,
  "fields": {
    "app_label": "admin",
    "model": "logentry"
  }
},
{
  "model": "contenttypes.contenttype",
  "pk": 2,
  "fields": {
    "app_label": "auth",
    "model": "permission"
  }
},
{
  "model": "contenttypes.contenttype",
  "pk": 3,
  "fields": {
    "app_label": "auth",
    "model": "group"
  }
},
{
  "model": "contenttypes.contenttype",
  "pk": 4,
  "fields": {
    "app_label": "auth",
    "model": "user"
  }
},
{
  "model": "contenttypes.contenttype",
  "pk": 5,
  "fields": {
    "app_label": "contenttypes",
    "model": "contenttype"
  }
},
{
  "model": "contenttypes.contenttype",
  "pk": 6,
  "fields": {
    "app_label": "sessions",
    "model": "session"
  }
},
{
  "model": "contenttypes.contenttype",
  "pk": 7,
  "fields": {
    "app_label": "blog",
    "model": "post"
  }
},
{
  "model": "contenttypes.contenttype",
  "pk": 8,
  "fields": {
    "app_label": "blog",
    "model": "comment"
  }
},
{
  "model": "contenttypes.contenttype",
  "pk": 9,
  "fields": {
    "app_label": "taggit",
    "model": "tag"
  }
},
{
  "model": "contenttypes.contenttype",
  "pk": 10,
  "fields": {
    "app_label": "taggit",
    "model": "taggeditem"
  }
},
{
  "model": "contenttypes.contenttype",
  "pk": 11,
  "fields": {
    "app_label": "sites",
    "model": "site"
  }
},
{
  "model": "sessions.session",
  "pk": "3l2q2vdfl9rv3feh2bc2eew6z4aw0eyu",
  "fields": {
    "session_data": ".eJxVjEEOwiAQRe_C2pCBAVpcuvcMhIFBqoYmpV0Z765NutDtf-_9lwhxW2vYOi9hyuIslDj9bhTTg9sO8j222yzT3NZlIrkr8qBdXufMz8vh_h3U2Ou3th4HgALIJjKbxNoaVnF0xVMGdDiCskgGBq3RMhBlDYWMM644b0m8P8reNzA:1pdthJ:y3WaDDZ9uik3_S35wWbvBgR4bQ58N936ExYWaAmS6NE",
    "expire_date": "2023-04-02T14:07:45.029Z"
  }
},
{
  "model": "sessions.session",
  "pk": "4ktrocuguuflrtssopv2zbqj771dt7ol",
  "fields": {
    "session_data": ".eJxVjEEOwiAQRe_C2pCBAVpcuvcMhIFBqoYmpV0Z765NutDtf-_9lwhxW2vYOi9hyuIslDj9bhTTg9sO8j222yzT3NZlIrkr8qBdXufMz8vh_h3U2Ou3th4HgALIJjKbxNoaVnF0xVMGdDiCskgGBq3RMhBlDYWMM644b0m8P8reNzA:1peHua:WZZ_MJUHNJ8AJuL9WsrZeAItZJBa_DFSuqriRe7b_II",
    "expire_date": "2023-04-03T15:59:04.175Z"
  }
},
{
  "model": "sessions.session",
  "pk": "dap4s5bzwk3u8noh3hr8pfdwgw0zb6pb",
  "fields": {
    "session_data": ".eJxVjEEOwiAQRe_C2pCBAVpcuvcMhIFBqoYmpV0Z765NutDtf-_9lwhxW2vYOi9hyuIslDj9bhTTg9sO8j222yzT3NZlIrkr8qBdXufMz8vh_h3U2Ou3th4HgALIJjKbxNoaVnF0xVMGdDiCskgGBq3RMhBlDYWMM644b0m8P8reNzA:1pdTEq:VmOyzF8H9cIMjcy6yXZNY0Vf2AusrzE9mcjaf2gEUEM",
    "expire_date": "2023-04-01T09:52:36.404Z"
  }
},
{
  "model": "sessions.session",
  "pk": "gptrcasnyrflr1do32enditbxvc5rnv4",
  "fields": {
    "session_data": ".eJxVjEEOwiAQRe_C2pCBAVpcuvcMhIFBqoYmpV0Z765NutDtf-_9lwhxW2vYOi9hyuIslDj9bhTTg9sO8j222yzT3NZlIrkr8qBdXufMz8vh_h3U2Ou3th4HgALIJjKbxNoaVnF0xVMGdDiCskgGBq3RMhBlDYWMM644b0m8P8reNzA:1peABt:rifaFB47sf1GaIILg659G0g3YJCLP05SLc6NspximW8",
    "expire_date": "2023-04-03T07:44:25.143Z"
  }
},
{
  "model": "sessions.session",
  "pk": "rwlj3q72r6j0tsrckxroqwx3jp9wwikf",
  "fields": {
    "session_data": ".eJxVjEEOwiAQRe_C2pCBAVpcuvcMhIFBqoYmpV0Z765NutDtf-_9lwhxW2vYOi9hyuIslDj9bhTTg9sO8j222yzT3NZlIrkr8qBdXufMz8vh_h3U2Ou3th4HgALIJjKbxNoaVnF0xVMGdDiCskgGBq3RMhBlDYWMM644b0m8P8reNzA:1peXeu:l0EjNCUqregyI8VhH8l-6LFxeIG8W6CI92idorcMgIQ",
    "expire_date": "2023-04-04T08:47:56.548Z"
  }
},
{
  "model": "sessions.session",
  "pk": "uel4vabcidnv7ojtvofpw7w20zcs863v",
  "fields": {
    "session_data": ".eJxVjEEOwiAQRe_C2pCBAVpcuvcMhIFBqoYmpV0Z765NutDtf-_9lwhxW2vYOi9hyuIslDj9bhTTg9sO8j222yzT3NZlIrkr8qBdXufMz8vh_h3U2Ou3th4HgALIJjKbxNoaVnF0xVMGdDiCskgGBq3RMhBlDYWMM644b0m8P8reNzA:1pdnvr:1Kqm23Ags6IKXXyn08mx2vQbyBWfJhrdrafd0iF0Vxg",
    "expire_date": "2023-04-02T07:58:23.300Z"
  }
},
{
  "model": "sessions.session",
  "pk": "xwih40cz6i73ewg4351myc2mckhjz46n",
  "fields": {
    "session_data": ".eJxVjEEOwiAQRe_C2pCBAVpcuvcMhIFBqoYmpV0Z765NutDtf-_9lwhxW2vYOi9hyuIslDj9bhTTg9sO8j222yzT3NZlIrkr8qBdXufMz8vh_h3U2Ou3th4HgALIJjKbxNoaVnF0xVMGdDiCskgGBq3RMhBlDYWMM644b0m8P8reNzA:1peCYO:HxYa2i4h4Dykqge12FfWxv76cP__LRUQshS6N-9UxYA",
    "expire_date": "2023-04-03T10:15:48.166Z"
  }
},
{
  "model": "sites.site",
  "pk": 1,
  "fields": {
    "domain": "localhost:8000",
    "name": "localhost:8000"
  }
},
{
  "model": "taggit.tag",
  "pk": 4,
  "fields": {
    "name": "django",
    "slug": "django"
  }
},
{
  "model": "taggit.tag",
  "pk": 5,
  "fields": {
    "name": "python",
    "slug": "python"
  }
},
{
  "model": "taggit.tag",
  "pk": 6,
  "fields": {
    "name": "flask",
    "slug": "flask"
  }
},
{
  "model": "taggit.tag",
  "pk": 7,
  "fields": {
    "name": "numpy",
    "slug": "numpy"
  }
},
{
  "model": "taggit.tag",
  "pk": 8,
  "fields": {
    "name": "math",
    "slug": "math"
  }
},
{
  "model": "taggit.tag",
  "pk": 9,
  "fields": {
    "name": "excel",
    "slug": "excel"
  }
},
{
  "model": "taggit.tag",
  "pk": 10,
  "fields": {
    "name": "markdown",
    "slug": "markdown"
  }
},
{
  "model": "taggit.tag",
  "pk": 11,
  "fields": {
    "name": "html",
    "slug": "html"
  }
},
{
  "model": "taggit.taggeditem",
  "pk": 6,
  "fields": {
    "tag": 4,
    "content_type": 7,
    "object_id": 1
  }
},
{
  "model": "taggit.taggeditem",
  "pk": 7,
  "fields": {
    "tag": 5,
    "content_type": 7,
    "object_id": 1
  }
},
{
  "model": "taggit.taggeditem",
  "pk": 8,
  "fields": {
    "tag": 5,
    "content_type": 7,
    "object_id": 2
  }
},
{
  "model": "taggit.taggeditem",
  "pk": 9,
  "fields": {
    "tag": 6,
    "content_type": 7,
    "object_id": 2
  }
},
{
  "model": "taggit.taggeditem",
  "pk": 11,
  "fields": {
    "tag": 7,
    "content_type": 7,
    "object_id": 3
  }
},
{
  "model": "taggit.taggeditem",
  "pk": 12,
  "fields": {
    "tag": 5,
    "content_type": 7,
    "object_id": 4
  }
},
{
  "model": "taggit.taggeditem",
  "pk": 13,
  "fields": {
    "tag": 4,
    "content_type": 7,
    "object_id": 5
  }
},
{
  "model": "taggit.taggeditem",
  "pk": 14,
  "fields": {
    "tag": 5,
    "content_type": 7,
    "object_id": 5
  }
},
{
  "model": "taggit.taggeditem",
  "pk": 15,
  "fields": {
    "tag": 6,
    "content_type": 7,
    "object_id": 5
  }
},
{
  "model": "taggit.taggeditem",
  "pk": 16,
  "fields": {
    "tag": 8,
    "content_type": 7,
    "object_id": 3
  }
},
{
  "model": "taggit.taggeditem",
  "pk": 17,
  "fields": {
    "tag": 8,
    "content_type": 7,
    "object_id": 6
  }
},
{
  "model": "taggit.taggeditem",
  "pk": 18,
  "fields": {
    "tag": 9,
    "content_type": 7,
    "object_id": 6
  }
},
{
  "model": "taggit.taggeditem",
  "pk": 19,
  "fields": {
    "tag": 10,
    "content_type": 7,
    "object_id": 7
  }
},
{
  "model": "taggit.taggeditem",
  "pk": 20,
  "fields": {
    "tag": 11,
    "content_type": 7,
    "object_id": 7
  }
},
{
  "model": "blog.post",
  "pk": 1,
  "fields": {
    "title": "Django",
    "slug": "django",
    "body": "Lorem ipsum dolor sit amet consectetur adipisicing elit. Quos culpa magnam architecto deleniti quod labore natus nisi asperiores. Dicta illum natus ut ab inventore officia consequatur provident dolorum voluptatum repellendus?\r\nItaque illo aliquam accusamus labore laudantium odio incidunt in aliquid alias natus nisi, adipisci, architecto doloremque magnam ab voluptatum? Animi ex id culpa. Debitis quam omnis soluta harum totam sapiente!\r\nCommodi harum excepturi et ab laudantium, sunt, placeat animi obcaecati voluptate saepe officia totam quisquam molestias, exercitationem eveniet ducimus. Ipsum nostrum consectetur necessitatibus ex voluptate nisi expedita minus eum consequuntur.\r\nAnimi adipisci, odit atque voluptatibus laborum aperiam magni, minima in unde nulla earum vel porro maiores numquam dolore similique ipsum quos enim hic soluta? Optio dolor nobis reprehenderit odio neque?\r\nTenetur necessitatibus temporibus assumenda voluptas laboriosam itaque voluptate laborum incidunt deserunt corporis omnis possimus id quis ipsum culpa, excepturi suscipit commodi expedita magni officiis et! Doloribus, repudiandae sint! Perferendis, ea.",
    "author": 1,
    "publish": "2023-03-18T09:52:43Z",
    "created": "2023-03-18T09:53:14.173Z",
    "updated": "2023-03-20T10:17:06.092Z",
    "status": "PB"
  }
},
{
  "model": "blog.post",
  "pk": 2,
  "fields": {
    "title": "Flask",
    "slug": "flask",
    "body": "Lorem ipsum dolor sit amet consectetur adipisicing elit. Quos culpa magnam architecto deleniti quod labore natus nisi asperiores. Dicta illum natus ut ab inventore officia consequatur provident dolorum voluptatum repellendus?\r\nItaque illo aliquam accusamus labore laudantium odio incidunt in aliquid alias natus nisi, adipisci, architecto doloremque magnam ab voluptatum? Animi ex id culpa. Debitis quam omnis soluta harum totam sapiente!\r\nCommodi harum excepturi et ab laudantium, sunt, placeat animi obcaecati voluptate saepe officia totam quisquam molestias, exercitationem eveniet ducimus. Ipsum nostrum consectetur necessitatibus ex voluptate nisi expedita minus eum consequuntur.\r\nAnimi adipisci, odit atque voluptatibus laborum aperiam magni, minima in unde nulla earum vel porro maiores numquam dolore similique ipsum quos enim hic soluta? Optio dolor nobis reprehenderit odio neque?\r\nTenetur necessitatibus temporibus assumenda voluptas laboriosam itaque voluptate laborum incidunt deserunt corporis omnis possimus id quis ipsum culpa, excepturi suscipit commodi expedita magni officiis et! Doloribus, repudiandae sint! Perferendis, ea.",
    "author": 1,
    "publish": "2023-03-18T09:53:17Z",
    "created": "2023-03-18T09:53:28.514Z",
    "updated": "2023-03-20T10:17:42.518Z",
    "status": "PB"
  }
},
{
  "model": "blog.post",
  "pk": 3,
  "fields": {
    "title": "NumPy",
    "slug": "numpy",
    "body": "Lorem ipsum dolor sit amet consectetur, adipisicing elit. Et tenetur laborum esse, architecto, voluptas aliquam alias sint quasi eos illo odit? Illum quasi id accusantium dolor at repellat doloremque libero.\r\nEt iste, sed velit nihil architecto doloremque eos ipsam? Ut ducimus nesciunt blanditiis possimus veniam, odit aspernatur accusantium quis, ratione consequuntur delectus! Labore architecto quia at eveniet nisi, veniam nobis.\r\nRepellat debitis natus repellendus non. Quas laboriosam ducimus temporibus voluptates eos nulla rem dolores quis fugit ipsum, possimus saepe animi, repellendus excepturi fuga dignissimos soluta suscipit nobis officiis nam at?\r\nQuibusdam, quasi hic provident eligendi magnam enim quaerat, aspernatur perspiciatis quidem vitae exercitationem laudantium consequuntur placeat. Praesentium cum cupiditate, dolorem quis provident ipsum aut, eum facilis consectetur, sit quo recusandae.\r\nIpsam tempora dolore nostrum cupiditate ratione atque ullam? Itaque unde ab maiores! Adipisci reprehenderit eveniet recusandae facere ea eum molestiae? Quod sapiente vitae iste. Animi vitae possimus corporis illo molestiae.\r\nA suscipit aspernatur, quam vitae est consequatur reiciendis nostrum inventore facere ipsa blanditiis iure animi doloribus eligendi modi aliquid quisquam ad possimus sint eveniet perferendis obcaecati ut veniam. Possimus, sequi.\r\nBlanditiis vitae ea mollitia, a iure, atque sit repellat accusamus labore nisi assumenda enim cumque. Maiores aperiam accusamus quos. Et atque ducimus tempora eligendi delectus maxime voluptatem nemo nobis nihil!\r\nAliquam, vel eaque maiores perspiciatis minima ea incidunt, culpa id, veniam quisquam ducimus iste? Expedita, repudiandae eaque perspiciatis dolorum blanditiis nisi ipsum, alias tenetur dolorem accusamus, distinctio quisquam doloremque in.\r\nModi delectus assumenda amet corrupti est nesciunt. Iusto deleniti, ab porro dicta esse earum delectus est minima omnis sunt, corporis obcaecati. Vel fuga voluptates tempora ad, laboriosam autem nisi repellat.\r\nLaboriosam rerum obcaecati dolorem esse adipisci sint nulla repudiandae quibusdam magni, iure culpa at ex soluta sed fugit minima fugiat. Impedit magni, necessitatibus nihil ut hic odit recusandae saepe qui!",
    "author": 1,
    "publish": "2023-03-18T11:02:49Z",
    "created": "2023-03-18T11:03:23.434Z",
    "updated": "2023-03-20T10:33:06.035Z",
    "status": "PB"
  }
},
{
  "model": "blog.post",
  "pk": 4,
  "fields": {
    "title": "Python",
    "slug": "python",
    "body": "Lorem ipsum dolor sit amet consectetur adipisicing elit. Repellendus nobis distinctio mollitia esse perferendis quos veniam ipsa quasi quis quod sed, qui id eos! Ipsum quod magni maxime unde aperiam.\r\nOdit temporibus nisi sed ipsa aliquam velit alias inventore animi ipsam, tenetur sit sapiente? Aperiam facere quis inventore, autem debitis est earum doloremque corrupti pariatur dolorem, minima nobis ut incidunt?\r\nOdit aspernatur eligendi perspiciatis nam quis ad quo quisquam facilis, nemo quos officiis numquam. Explicabo hic facere eaque architecto iusto vitae pariatur sapiente excepturi aliquam commodi dolore illum, reiciendis laboriosam?\r\nMaxime, ea. Delectus tenetur aliquid ratione expedita voluptatem facilis, id error necessitatibus ea ullam, perferendis odit eaque soluta? Recusandae quos expedita nulla quaerat voluptates odio aspernatur reprehenderit nesciunt vero repellendus?",
    "author": 1,
    "publish": "2023-03-20T10:18:37Z",
    "created": "2023-03-20T10:19:19.667Z",
    "updated": "2023-03-20T10:19:19.667Z",
    "status": "PB"
  }
},
{
  "model": "blog.post",
  "pk": 5,
  "fields": {
    "title": "WebDevepopment",
    "slug": "webdevepopment",
    "body": "Lorem ipsum dolor sit amet consectetur adipisicing elit. Repellendus nobis distinctio mollitia esse perferendis quos veniam ipsa quasi quis quod sed, qui id eos! Ipsum quod magni maxime unde aperiam.\r\nOdit temporibus nisi sed ipsa aliquam velit alias inventore animi ipsam, tenetur sit sapiente? Aperiam facere quis inventore, autem debitis est earum doloremque corrupti pariatur dolorem, minima nobis ut incidunt?\r\nOdit aspernatur eligendi perspiciatis nam quis ad quo quisquam facilis, nemo quos officiis numquam. Explicabo hic facere eaque architecto iusto vitae pariatur sapiente excepturi aliquam commodi dolore illum, reiciendis laboriosam?\r\nMaxime, ea. Delectus tenetur aliquid ratione expedita voluptatem facilis, id error necessitatibus ea ullam, perferendis odit eaque soluta? Recusandae quos expedita nulla quaerat voluptates odio aspernatur reprehenderit nesciunt vero repellendus?",
    "author": 1,
    "publish": "2023-03-20T10:19:50Z",
    "created": "2023-03-20T10:20:14.677Z",
    "updated": "2023-03-20T10:20:14.677Z",
    "status": "PB"
  }
},
{
  "model": "blog.post",
  "pk": 6,
  "fields": {
    "title": "Excel",
    "slug": "excel",
    "body": "Lorem, ipsum dolor sit amet consectetur adipisicing elit. Quis maiores harum aspernatur voluptatem vero iure nesciunt neque, ab, adipisci obcaecati repellendus mollitia. Sint similique quas adipisci odio consequuntur mollitia officia?\r\nUnde ipsa assumenda, dicta quam harum quis, illum reiciendis architecto quaerat amet modi, provident optio quasi numquam in. Adipisci numquam odit quas dolores natus ex tenetur cum corporis consequuntur quisquam?\r\nCorporis quidem rem aut, voluptate eius id quos saepe fugit, facere eos sint quis alias rerum voluptatum eligendi culpa, odit architecto soluta iste similique. Aperiam distinctio at tenetur velit ullam?",
    "author": 1,
    "publish": "2023-03-20T10:33:12Z",
    "created": "2023-03-20T10:33:41.053Z",
    "updated": "2023-03-20T10:33:41.053Z",
    "status": "PB"
  }
},
{
  "model": "blog.post",
  "pk": 7,
  "fields": {
    "title": "Mark Down",
    "slug": "mark-down",
    "body": "This is a post formatted with markdown\r\n--------------------------------------\r\n\r\n*This is emphasized* and **this is more emphasized**.\r\n\r\nHere is a list:\r\n\r\n* One\r\n* Two\r\n* Three\r\n\r\nAnd a [link to the Django website](https://www.djangoproject.com/).",
    "author": 1,
    "publish": "2023-03-20T16:00:02Z",
    "created": "2023-03-20T16:00:34.510Z",
    "updated": "2023-03-20T16:00:34.510Z",
    "status": "PB"
  }
},
{
  "model": "blog.comment",
  "pk": 1,
  "fields": {
    "post": 1,
    "name": "Stasyan",
    "body": "Cool!",
    "email": "stasyand330@gmail.com",
    "created": "2023-03-19T14:08:10.076Z",
    "updated": "2023-03-19T14:08:10.076Z",
    "active": true
  }
},
{
  "model": "blog.comment",
  "pk": 2,
  "fields": {
    "post": 1,
    "name": "Stasyan",
    "body": "This is really crasy!",
    "email": "stasyand330@gmail.com",
    "created": "2023-03-19T14:43:45.372Z",
    "updated": "2023-03-19T14:43:45.372Z",
    "active": true
  }
},
{
  "model": "blog.comment",
  "pk": 5,
  "fields": {
    "post": 1,
    "name": "Stasyan",
    "body": "Cool!",
    "email": "stasyand330@gmail.com",
    "created": "2023-03-19T15:11:16.384Z",
    "updated": "2023-03-19T15:11:16.384Z",
    "active": true
  }
},
{
  "model": "blog.comment",
  "pk": 6,
  "fields": {
    "post": 1,
    "name": "Stasyan",
    "body": "Crazy!!!",
    "email": "stasyand330@gmail.com",
    "created": "2023-03-19T15:14:39.098Z",
    "updated": "2023-03-19T15:14:39.098Z",
    "active": true
  }
},
{
  "model": "blog.comment",
  "pk": 7,
  "fields": {
    "post": 1,
    "name": "Stasyan",
    "body": "Coooool!!",
    "email": "stasyand330@gmail.com",
    "created": "2023-03-19T15:18:15.469Z",
    "updated": "2023-03-19T15:18:15.469Z",
    "active": true
  }
},
{
  "model": "blog.comment",
  "pk": 8,
  "fields": {
    "post": 1,
    "name": "Stasyan",
    "body": "Ok!",
    "email": "stasyand330@gmail.com",
    "created": "2023-03-20T07:34:47.250Z",
    "updated": "2023-03-20T07:34:47.250Z",
    "active": true
  }
},
{
  "model": "blog.comment",
  "pk": 9,
  "fields": {
    "post": 1,
    "name": "Stasyan",
    "body": "330",
    "email": "stasyand330@gmail.com",
    "created": "2023-03-20T07:38:31.373Z",
    "updated": "2023-03-20T07:38:31.373Z",
    "active": true
  }
},
{
  "model": "blog.comment",
  "pk": 10,
  "fields": {
    "post": 4,
    "name": "Stasyan",
    "body": "Python is Cool!",
    "email": "stasyand330@gmail.com",
    "created": "2023-03-20T15:03:17.644Z",
    "updated": "2023-03-20T15:03:17.644Z",
    "active": true
  }
},
{
  "model": "blog.comment",
  "pk": 11,
  "fields": {
    "post": 3,
    "name": "Stasyan",
    "body": "NumPy is Cool!",
    "email": "stasyand330@gmail.com",
    "created": "2023-03-20T15:03:30.889Z",
    "updated": "2023-03-20T15:03:30.889Z",
    "active": true
  }
},
{
  "model": "blog.comment",
  "pk": 12,
  "fields": {
    "post": 4,
    "name": "Stasyan",
    "body": "The Best!",
    "email": "stasyand330@gmail.com",
    "created": "2023-03-20T15:03:42.984Z",
    "updated": "2023-03-20T15:03:42.984Z",
    "active": true
  }
},
{
  "model": "blog.comment",
  "pk": 13,
  "fields": {
    "post": 7,
    "name": "Stasyan",
    "body": "Crazy!",
    "email": "stasyand330@gmail.com",
    "created": "2023-03-22T12:02:55.320Z",
    "updated": "2023-03-22T12:02:55.320Z",
    "active": true
  }
}
]
